start	end	text
0	22480	The sensor is the primary element of a measurement chain that converts the input variable into
22480	25980	a signal that is suitable for measurement.
25980	32680	A transducer is a device that accepts information in the form of a physical or chemical input variable
32680	39680	and converts it into an output variable that can be of the same or of a different nature.
39680	44960	In other words, we can say that the transducer outputs an electrical signal that is linked
44960	51940	to the input, that is, there is always a relationship between the input and the output.
51940	58920	Here in the slide you can see a diagram that includes the sensor and after it the transducer.
58920	63180	The element we are going to measure is called the measurement.
63180	69260	In the diagram you can see the first measurement that is the input of the sensor and the second
69260	73940	measurement that is the input of the transducer.
73940	83180	So we said that the sensor is the first element in the measurement chain.
83180	89660	The sensor converts the physical quantity into another that is more easily manageable.
89660	94920	The transducer instead provides a measurable electrical signal as output.
94920	101120	In fact, the main difference between the sensor and the transducer is due to the aim of their
101120	107920	using, because the sensor is used for controlling, while the transducer is aimed at the measurement.
107920	111920	That's why we are used to use these two terms as synonyms.
111920	120080	It's important to remember that a transducer is a sensor, but a sensor is not necessarily
120080	123080	a transducer.
123080	132920	There are different types of sensors depending on certain parameters by which they are classified.
132920	140960	In fact, we can have active sensors, passive sensors, digital, analog sensors, and so on.
140960	146480	So we say that sensors can be classified, first of all, according to the type of measurement
146480	150920	.
150920	157080	According to the type of output, voltage, current, resistive, capacitive, inductive sensor, we
157080	164080	have voltage and current sensors, analog sensors that provide the output signal that follows
164080	176080	the variation of the input value, and digital sensors for which the output is a binary code.
176080	182080	Now we want to put attention to the first classification, active and passive.
182080	189080	A sensor is defined active if the physical effect on which it is based ensures the transformation
189080	194080	of the measurement's own energy into an electrical energy.
194080	201080	A sensor is defined passive if the effect of the measurement results in an impedance change
201080	203080	of the sensing element.
203080	210080	In other simpler words, we can say that active sensors generate a current or voltage signal
210080	215080	signal at the output, while for passive sensors we will have a variation at the output of
215080	221080	an electrical parameter, resistance, capacity, and so on.
221080	233080	It is important to underline that for passive sensors we need another conversion.
233080	240080	This conversion is possible using a conditioning circuit, that is defined as a circuit or electrical
240080	245080	system that is able to modify signal characteristics.
245080	252080	It is necessary to clarify that for passive sensors or transducers the conditioning circuit is essential,
252080	261080	is indispensable, while for active sensors or transducers the conditioning circuit is only to make an adaptation
261080	263080	of the parameters.
263080	270080	The conditioning circuit is the task of adapting the parameters of the electrical energy generated by the transducers
270080	278080	transducers to the input characteristics of the measurement system, that is called signal conditioning.
278080	285080	So let's try to understand what happens in case of passive sensors or transducers.
285080	289080	So why this conditioning circuit is so essential?
289080	295080	In general we can say that a single electrical parameter or a current signal has to be further adapted
295080	300080	and then provided as input to our electrical circuit.
300080	306080	Specifically, what are the possible functions of a conditioning circuit?
306080	309080	First of all, application.
309080	311080	Secondary, the filtering.
311080	317080	Perhaps because of the presence of noise or distortion on the user for signal input to the AD converter.
317080	323080	And in this case is the use of a filter is essential.
323080	328080	It might be a resistance voltage or current voltage conversion.
328080	332080	And finally, linearization.
332080	337080	This is an operation that is performed on the analog outputs of non-linear transducers.
343080	346080	Let's continue with more definitions.
346080	350080	Let's then talk about the main features of a sensor.
350080	351080	They are
351080	354080	measure that is the quantity to be measured.
354080	359080	Measuring principle, that is the physical principle on which the conversion is based.
359080	366080	Significant properties, sensor construction properties, internal circuits, sensitivity, and so on.
366080	371080	And range that defines the operating limits of the sensor.
371080	381080	Let's take a detailed look at the characteristics of the inputs.
381080	384080	Species, that is the physical input quantity.
384080	392080	Input range, range of values of the measurement within which the sensor operates according to specifications.
392080	401080	Measureant safety range, that is the range of values of the measurement outside which the sensor remains permanently damaged.
401080	407080	Its extreme values are called overload or overrange.
407080	417080	Similarly also for outputs, we can say that the main characteristics are
417080	420080	Spaces, nature of the output quantity.
420080	428080	Normal operating range, or output range, that is the range of values of the output, when the input varies in the input range.
428080	437080	Deliberable power, the limit value of the power that the sensor can supply to the downstream user system.
437080	442080	In other words, it is the maximum value of the output power.
442080	447080	Moreover, if the output is current, the load impedance is specified.
447080	452080	Output impedance, each sensor has its own impedance.
452080	461080	And uncertainty of output, that is the width of the range, including all the values that could be assumed,
461080	470080	with a certain probability or confidence level, to represent the value of the output corresponding to a certain operating condition.
470080	484080	Well, now let's give an overview of what are the static and dynamic characteristics of sensors and transducers.
484080	488080	Let's start with the static characteristics of a sensor.
488080	497080	First of all, conversion function, that is a function that allows the value of the output to be derived from the input.
497080	509080	Calibration function, that is the relationship that allows the value of the input and the corresponding uncertainty band to be derived from each value of the output quantity.
509080	516080	We are therefore talking about the relationship between input and output, but with a delta of uncertainty.
516080	524080	This is because for each input, we will not have a single output value, but a range of values of the measurement.
524080	531080	Calibration constant, slope of the calibration curve, if it is linear.
531080	536080	And calibration uncertainty, that is the width of the range of values.
536080	554080	Other static characteristics are sensitivity, that is the slope of the conversion curve at a certain point and corresponds to the inverse of the slope of the calibration curve.
554080	567080	In other words, it is the ratio of the change in output signal to the corresponding change in input signal as shown in the formula on the right side of the slide.
567080	576080	Stability, that is the ability to maintain the operating characteristics unchanged over time, long and short term.
576080	592080	And then we cannot forget the linearity, which indicates by how much the calibration curve deviates from the straight line, precisely from the ideal line.
592080	599080	Here we have other three characteristics.
599080	602080	We are still talking about static features.
602080	611080	Resolution, changing the value of the measurement that causes an appreciable change in the value of the output quantity.
611080	616080	If the sensor works close to zero, it is called a threshold.
616080	625080	Repeatability, that is the aptitude of the instrument to provide values of the output quantity that differ little from each other,
625080	630080	when you apply the same input and under the same operating conditions.
630080	634080	It is expressed similarly to calibration uncertainty.
634080	642080	In other words, it is the aptitude of the instrument to always provide the same value at the output for the same input.
642080	651080	In stereesis, this is the maximum difference between the values of the output corresponding to the same measurement,
651080	661080	when all values of the measuring range are considered, and each value is reached with the first increasing and then decreasing measurement.
661080	668080	In other words, it represents the maximum difference between the input and the output values,
668080	676080	and it is calculated by varying the values between the range from minimum to maximum and opposite.
676080	686080	Here, there are dynamic characteristics.
686080	695080	Clearly, we are going to consider separately what concerns the time domain and the frequency domain.
695080	700080	About the frequency domain, we can talk about frequency response,
700080	713080	which we know characterizes the behavior of the sensor, instrument or acquisition system when the input quantity is subjected to time varying stresses.
713080	723080	The frequency range, that is the range of frequencies in which the modulus response curve does not go outside a predetermined tolerance band,
723080	728080	and possible resonance frequency.
728080	738080	About the time domain, we can talk about rise time and response time, time constant, settling time, overshoot dumping factor,
738080	741080	and things I'm sure you've heard before at the university.
749080	757080	From here, in the next two slides, we can find a table of sensors sorted by type.
758080	774080	Now, let's start with the actuators.
774080	781080	By definition, an actuator is a system that includes both mechanical and electrical energy.
781080	788080	In particular, the electrical energy is able to cause the development of a specific motion.
788080	796080	Just as we have seen for sensors, also for the actuators, there are different types.
796080	803080	Electric, electrostatic, hydraulic, electromechanic, and so on, which we will see in the following slides.
803080	819080	So, we can say that an actuator is a device in an automation system that transforms an automatic common decision,
819080	826080	process it by an electronic control board, into a physical action on the processing being regulated.
826080	836080	So, an actuator makes it possible to act on a system in order to change its behavior and obtain the desired output.
836080	846080	More generally, the actuator can be defined as a transducer that is capable of transforming the signal from one physical domain,
846080	853080	typically electrical, into an equivalent quantity belonging to another domain,
853080	864080	for example, mechanical, thermal, hydraulic, and so on.
864080	868080	We can classify the actuators according different parameters.
868080	875080	First of all, we have a classification according to the type of physical quantity that is going to be implemented,
875080	879080	mechanical, hydraulic, electric, and so on.
879080	885080	And the second one, according to the type of electric actuation common,
885080	890080	that could be digital, analog, or PWM.
890080	898080	Let's talk about an example of an actuator.
898080	900080	Let's talk about a relay.
900080	903080	Why are relays so common?
903080	913080	Relays are widely used in electronics because they allow larger loads to be powered by low voltage, low amperage electronics.
913080	928080	A relay is an electromechanical component consisting of a coil within which a magnetic field is created such that it closes or opens a contact.
928080	935080	The symbol of the relay is what you see drawn above the component in the figure on the right side of the slide.
935080	944080	Looking at this symbol, we see that the left side is the electrical part or control circuit,
944080	949080	coil in which the magnetic field is created by application of a voltage,
949080	958080	while the right side is the mechanical part or power circuit, which goes to mechanically close the contacts.
958080	963080	The contacts are called normally closed or normally open.
963080	970080	When the relay is not energized, it has one contact already closed, which is called normally closed.
970080	979080	When a voltage is applied and the relay is energized, it goes to close another contact opening the normally closed.
979080	983080	This other contact is called normally open.
983080	992080	The contact you see below in the figure of the symbol of the relay indicated by the number 30 is the common contact.
992080	999080	Now we introduce two concepts.
999080	1007080	HSD high side driver switch and LSD low side driver switch.
1007080	1017080	An HSD high side driver switch relay is defined as a relay that in order to be commanded active,
1017080	1024080	the control unit that manages its control needs to use a high potential.
1024080	1027080	In fact, the channel is called active high.
1027080	1033080	As a result, the other pin of the control coil will be connected to a low reference potential.
1033080	1034080	A ground to be clear.
1034080	1046080	The LSD low side driver switch relay is defined as a relay which in order to be commanded active,
1046080	1052080	the control unit that manages its control needs to use a low potential.
1052080	1059080	It follows that the control coil will have one of the two pins connected to a high reference potential,
1059080	1065080	which may be, for example, battery voltage.
1065080	1080080	In the evolution of electronic systems in the automotive area, control units, ECUs, have been controlling and managing various actuators by using PWM commands.
1080080	1088080	For example, diesel pressure regulator, EGR, VGT, solenoid valve actuator and so on.
1088080	1093080	PWM means pulse width modulation.
1093080	1105080	PWM control is a square wave signal that changes by varying the width of the positive pulse duty cycle in the same unit of time, frequency.
1105080	1114080	A PWM signal is characterized by fixed frequency and variable duty cycle.
1114080	1128080	Duty cycle, by definition, is the ratio of the time when the square wave takes a high value to the period T, where the period T is the inverse of the frequency.
1128080	1145080	It follows that, for example, if we have a duty cycle of 20%, it corresponds to a square wave that takes on a high value 20% of the time and takes a low value in the remaining 80%.
1145080	1172080	An electronic control unit provides some specific actuators that need PWM control with a fixed frequency square wave signal that is variable cycle modulated.
1172080	1176080	Here, then, this is the PWM.
1176080	1191080	For example, the ECU command will therefore be a signal that will feed the solenoid valve coil and will be able to open it completely, close it completely, and most important, partialize its opening.
1191080	1214080	In practice, the ECU causes the control voltage to varying at such a frequency that the actuator does not move following the instantaneous value of the voltage, but reaches a position that will depend on the proportion between the time the voltage is present and the time the voltage is absent, precisely due to the cycle variation.
1214080	1224080	An example of a PWM command is the one in the present slide.
1224080	1235080	Here we can see a niche bridge, which is a rather simple circuit consisting of four electronic switches that drive a load, place it in the center.
1235080	1242080	They are usually used, for instance, to drive DC motors.
1242080	1257080	When the four switches S1, S2, S3, S4 are all open, the load, let's say the case of a DC electric motor, for example, that is indicated by letter M, is not energized.
1257080	1268080	The four switches never close all at once, but in pairs, specifically S1 with S4 and S2 with S3.
1268080	1276080	In this way, they create two closed paths that allow current to flow within the circuit.
1276080	1286080	In fact, when, for example, S1 and S4 are closed, the motor that is energized turns in one direction.
1286080	1301080	When the other two switches, S2 and S3, close instead, the motor is powered and turns in the opposite direction since we have practically reversed the polarity of the voltage applied to the motor.
1301080	1310080	It is clear that, in theory, the four switches can be opened and closed independently of the others.
1310080	1322080	But in practice, we avoid these configurations different from these two because, for instance, if they are all closed at the same time, a short circuit would result.
1322080	1328080	The H-bridge allows the motor to be controlled only in the on-off mode.
1328080	1339080	In the on state, the motor is energized and turns, one way or the other, at the maximum speed allowed by the V-in voltage.
1339080	1343080	While in the off state, the motor is not powered.
1343080	1352080	However, in most practical applications, continuous regulation of the rotational speed is required.
1352080	1362080	And this can be achieved by controlling the four switches using pulse width modulation, so using PWM control.
1362080	1373080	And this will then cause that during the on time, the motor is energized and gradually increases its speed.
1373080	1383080	While during the off time, the power supply is zero and the motor, if it was turning before, now tends to break.
1383080	1384080	Thank you.
1384080	1399080	Thank you very much.
1399080	1404080	Thank you.
